[{"id":"6285727785143@s.whatsapp.net","name":"owner","age":"14","time":"92cff2605432faa4fc93"},{"id":"6285757355377@s.whatsapp.net","name":"yosha","age":"19","time":"4d5b2ee1715ed3c65fcf"},{"id":"6282282198398@s.whatsapp.net","name":"NAMA","age":"18","time":"f32eae451c9b9f7d14d1"},{"id":"6283189242715@s.whatsapp.net","name":"memek","age":"13","time":"a26eb5cc99cdfcb607de"},{"id":"6282328276205@s.whatsapp.net","name":"tele","age":"14","time":"27bfd0e4b86dd055ee70"},{"id":"6282328276205@s.whatsapp.net","name":"wik","age":"13","time":"9b04b6de0bf52be4103b"},{"id":"6285157940721@s.whatsapp.net","name":"luvilias","age":"12","time":"11b442f31fb578faef60"},{"id":"628979059007@s.whatsapp.net","name":"luxi","age":"19","time":"b824abcc1f6e3d7dbc9b"},{"id":"628979059007@s.whatsapp.net","name":"luxi","age":"20","time":"f0cf46da6cfc3fa5367a"},{"id":"6281513607731@s.whatsapp.net","name":"aditganteng","age":"16","time":"8752fdde1de4ca5a4b0b"},{"id":"6281513607731@s.whatsapp.net","name":"pler","age":"16","time":"99a23c0607851ce78c85"},{"id":"6281513607731@s.whatsapp.net","name":"adid","age":"16","time":"f9c4d8db639058499a89"},{"id":"6281513607731@s.whatsapp.net","name":"kontol","age":"15","time":"2a01a193be81df0e7848"},{"id":"6283877348666@s.whatsapp.net","name":"alok","age":"40","time":"29e325b782f4e0455501"},{"id":"6283139487057@s.whatsapp.net","name":"Ryzz","age":"18","time":"de380901b9ffa59ef2ae"},{"id":"6283898785905@s.whatsapp.net","name":"ga","age":"12","time":"1926f58b51e4e3d007ed"},{"id":"31629821394@s.whatsapp.net","name":"kontoll","age":"16","time":"fa4eb31a3d8d7870aab2"},{"id":"6283897244832@s.whatsapp.net","name":"nindi","age":"15","time":"73e527c563a24f476956"},{"id":"6289505624515@s.whatsapp.net","name":"daftar raka","age":"18","time":"8c7a438e0aad29721d22"},{"id":"6289505624515@s.whatsapp.net","name":"raka","age":"18","time":"b23e66eb5cc0b6841e1b"},{"id":"6289505624515@s.whatsapp.net","name":"raka","age":"18","time":"5e3acbb5e1208fb214fa"},{"id":"6289505624515@s.whatsapp.net","name":"raka","age":"18","time":"cac9adf895d08e521898"},{"id":"6282137389652@s.whatsapp.net","name":"kuntul","age":"16","time":"8f5e68a4af365feb28a8"},{"id":"6283846094195@s.whatsapp.net","name":"arya","age":"18","time":"329550e2e9e6ba398ccc"}]